event_id,scenario_id,scenario_name,delay_delta,risk_delta,alert_delta,confidence_delta,simulation_score
FKID006340,SCENARIO_0,Current recommended plan,0.0,0.0,0.0,0.0,0.5
FKID006340,SCENARIO_1,No intervention,548133.0984,15.3253,0.0,-0.3,0.649962
FKID006340,SCENARIO_2,Resource reduction,274066.5492,7.6626,0.0,-0.15,0.574981
FKID006340,SCENARIO_3,Resource increase,-157663.5723,-7.1481,-0.0,0.1,0.45207
FKID006340,SCENARIO_4,Diversion disabled,0.0,0.0,0.0,-0.1,0.505
FKID006340,SCENARIO_5,Operator override plan,-548133.0984,-5.3611,0.0,0.05,0.39122
FKID006340,SCENARIO_6,Worst-case drift escalation,274066.5492,35.7406,0.0,-0.4,0.629598
FKID006340,SCENARIO_7,Best-case stabilized state,-274066.5492,-15.3253,-0.0,0.4,0.401025
FKID006955,SCENARIO_0,Current recommended plan,0.0,0.0,0.0,0.0,0.5
FKID006955,SCENARIO_1,No intervention,381293.0665,14.9997,0.4369,-0.3,0.674869
FKID006955,SCENARIO_2,Resource reduction,190646.5332,7.4998,0.2185,-0.15,0.587441
FKID006955,SCENARIO_3,Resource increase,-157663.5723,-6.9963,-0.1092,0.1,0.437432
FKID006955,SCENARIO_4,Diversion disabled,114387.9199,5.2472,0.0,-0.1,0.536238
FKID006955,SCENARIO_5,Operator override plan,0.0,0.0,-0.2185,0.05,0.472716
FKID006955,SCENARIO_6,Worst-case drift escalation,190646.5332,34.9813,0.4369,-0.4,0.6709
FKID006955,SCENARIO_7,Best-case stabilized state,-190646.5332,-14.9997,-0.4369,0.4,0.359072
FKID007660,SCENARIO_0,Current recommended plan,0.0,0.0,0.0,0.0,0.5
FKID007660,SCENARIO_1,No intervention,43862.8826,24.8483,0.0,-0.3,0.561233
FKID007660,SCENARIO_2,Resource reduction,21931.4413,12.4242,0.0,-0.15,0.530617
FKID007660,SCENARIO_3,Resource increase,-157663.5723,-6.8573,-0.0,0.1,0.452506
FKID007660,SCENARIO_4,Diversion disabled,13158.8648,5.143,0.0,-0.1,0.515403
FKID007660,SCENARIO_5,Operator override plan,43862.8826,5.143,0.0,0.05,0.516099
FKID007660,SCENARIO_6,Worst-case drift escalation,21931.4413,34.2863,0.0,-0.4,0.57591
FKID007660,SCENARIO_7,Best-case stabilized state,-21931.4413,-24.8483,-0.0,0.4,0.438247
FKID008103,SCENARIO_0,Current recommended plan,0.0,0.0,0.0,0.0,0.5
FKID008103,SCENARIO_1,No intervention,256837.4802,14.0551,0.0,-0.3,0.58855
FKID008103,SCENARIO_2,Resource reduction,128418.7401,7.0275,0.0,-0.15,0.544275
FKID008103,SCENARIO_3,Resource increase,-157663.5723,-6.5557,-0.0,0.1,0.452959
FKID008103,SCENARIO_4,Diversion disabled,0.0,0.0,0.0,-0.1,0.505
FKID008103,SCENARIO_5,Operator override plan,-123732.8926,-6.5557,0.0,0.05,0.466426
FKID008103,SCENARIO_6,Worst-case drift escalation,128418.7401,32.7784,0.0,-0.4,0.595401
FKID008103,SCENARIO_7,Best-case stabilized state,-128418.7401,-14.0551,-0.0,0.4,0.432684
FKID000022,SCENARIO_0,Current recommended plan,0.0,0.0,0.0,0.0,0.5
FKID000022,SCENARIO_1,No intervention,82558.334,23.5768,0.0,-0.3,0.56723
FKID000022,SCENARIO_2,Resource reduction,41279.167,11.7884,0.0,-0.15,0.533615
FKID000022,SCENARIO_3,Resource increase,-157663.5723,-6.5064,-0.0,0.1,0.453033
FKID000022,SCENARIO_4,Diversion disabled,24767.5002,4.8798,0.0,-0.1,0.517379
FKID000022,SCENARIO_5,Operator override plan,-95797.126,-6.5064,0.0,0.05,0.471546
FKID000022,SCENARIO_6,Worst-case drift escalation,41279.167,32.5319,0.0,-0.4,0.57723
FKID000022,SCENARIO_7,Best-case stabilized state,-41279.167,-23.5768,-0.0,0.4,0.436202
FKID001288,SCENARIO_0,Current recommended plan,0.0,0.0,0.0,0.0,0.5
FKID001288,SCENARIO_1,No intervention,136518.1027,23.2899,0.0,-0.3,0.577823
FKID001288,SCENARIO_2,Resource reduction,68259.0513,11.645,0.0,-0.15,0.538912
FKID001288,SCENARIO_3,Resource increase,-157663.5723,-6.4272,-0.0,0.1,0.453151
FKID001288,SCENARIO_4,Diversion disabled,40955.4308,4.8204,0.0,-0.1,0.520597
FKID001288,SCENARIO_5,Operator override plan,-191594.252,-12.8544,0.0,0.05,0.445802
FKID001288,SCENARIO_6,Worst-case drift escalation,68259.0513,32.1361,0.0,-0.4,0.582148
FKID001288,SCENARIO_7,Best-case stabilized state,-68259.0513,-23.2899,-0.0,0.4,0.431121
FKID001125,SCENARIO_0,Current recommended plan,0.0,0.0,0.0,0.0,0.5
FKID001125,SCENARIO_1,No intervention,113555.6031,23.133,0.0,-0.3,0.572897
FKID001125,SCENARIO_2,Resource reduction,56777.8015,11.5665,0.0,-0.15,0.536448
FKID001125,SCENARIO_3,Resource increase,-157663.5723,-6.3839,-0.0,0.1,0.453216
FKID001125,SCENARIO_4,Diversion disabled,34066.6809,4.7879,0.0,-0.1,0.519141
FKID001125,SCENARIO_5,Operator override plan,143695.689,9.5758,0.0,0.05,0.546249
FKID001125,SCENARIO_6,Worst-case drift escalation,56777.8015,31.9195,0.0,-0.4,0.579478
FKID001125,SCENARIO_7,Best-case stabilized state,-56777.8015,-23.133,-0.0,0.4,0.433702
FKID006361,SCENARIO_0,Current recommended plan,0.0,0.0,0.0,0.0,0.5
FKID006361,SCENARIO_1,No intervention,75123.6544,22.9719,0.0,-0.3,0.564804
FKID006361,SCENARIO_2,Resource reduction,37561.8272,11.4859,0.0,-0.15,0.532402
FKID006361,SCENARIO_3,Resource increase,-157663.5723,-6.3394,-0.0,0.1,0.453283
FKID006361,SCENARIO_4,Diversion disabled,22537.0963,4.7546,0.0,-0.1,0.516736
FKID006361,SCENARIO_5,Operator override plan,0.0,0.0,0.0,0.05,0.4975
FKID006361,SCENARIO_6,Worst-case drift escalation,37561.8272,31.6972,0.0,-0.4,0.575219
FKID006361,SCENARIO_7,Best-case stabilized state,-37561.8272,-22.9719,-0.0,0.4,0.437869
FKID004125,SCENARIO_0,Current recommended plan,0.0,0.0,0.0,0.0,0.5
FKID004125,SCENARIO_1,No intervention,69746.5297,22.8999,0.0,-0.3,0.563598
FKID004125,SCENARIO_2,Resource reduction,34873.2649,11.4499,0.0,-0.15,0.531799
FKID004125,SCENARIO_3,Resource increase,-157663.5723,-6.3196,-0.0,0.1,0.453313
FKID004125,SCENARIO_4,Diversion disabled,20923.9589,4.7397,0.0,-0.1,0.516384
FKID004125,SCENARIO_5,Operator override plan,73541.7271,9.4794,0.0,0.05,0.530118
FKID004125,SCENARIO_6,Worst-case drift escalation,34873.2649,31.5978,0.0,-0.4,0.574521
FKID004125,SCENARIO_7,Best-case stabilized state,-34873.2649,-22.8999,-0.0,0.4,0.438526
FKID001693,SCENARIO_0,Current recommended plan,0.0,0.0,0.0,0.0,0.5
FKID001693,SCENARIO_1,No intervention,66349.9131,22.5252,0.0,-0.3,0.562342
FKID001693,SCENARIO_2,Resource reduction,33174.9565,11.2626,0.0,-0.15,0.531171
FKID001693,SCENARIO_3,Resource increase,-157663.5723,-6.2162,-0.0,0.1,0.453468
FKID001693,SCENARIO_4,Diversion disabled,19904.9739,4.6621,0.0,-0.1,0.516059
FKID001693,SCENARIO_5,Operator override plan,-132699.8261,-6.2162,0.0,0.05,0.465253
FKID001693,SCENARIO_6,Worst-case drift escalation,33174.9565,31.0809,0.0,-0.4,0.573398
FKID001693,SCENARIO_7,Best-case stabilized state,-33174.9565,-22.5252,-0.0,0.4,0.439435
FKID000944,SCENARIO_0,Current recommended plan,0.0,0.0,0.0,0.0,0.5
FKID000944,SCENARIO_1,No intervention,129701.8854,22.5133,0.0,-0.3,0.575266
FKID000944,SCENARIO_2,Resource reduction,64850.9427,11.2567,0.0,-0.15,0.537633
FKID000944,SCENARIO_3,Resource increase,-157663.5723,-6.2129,-0.0,0.1,0.453473
FKID000944,SCENARIO_4,Diversion disabled,0.0,0.0,0.0,-0.1,0.505
FKID000944,SCENARIO_5,Operator override plan,0.0,0.0,0.0,0.05,0.4975
FKID000944,SCENARIO_6,Worst-case drift escalation,64850.9427,31.0645,0.0,-0.4,0.579845
FKID000944,SCENARIO_7,Best-case stabilized state,-64850.9427,-22.5133,-0.0,0.4,0.432982
FKID000316,SCENARIO_0,Current recommended plan,0.0,0.0,0.0,0.0,0.5
FKID000316,SCENARIO_1,No intervention,103679.1639,22.4941,0.0,-0.3,0.569921
FKID000316,SCENARIO_2,Resource reduction,51839.582,11.2471,0.0,-0.15,0.534961
FKID000316,SCENARIO_3,Resource increase,-157663.5723,-6.2076,-0.0,0.1,0.453481
FKID000316,SCENARIO_4,Diversion disabled,31103.7492,4.6557,0.0,-0.1,0.518337
FKID000316,SCENARIO_5,Operator override plan,0.0,0.0,0.0,0.05,0.4975
FKID000316,SCENARIO_6,Worst-case drift escalation,51839.582,31.038,0.0,-0.4,0.577147
FKID000316,SCENARIO_7,Best-case stabilized state,-51839.582,-22.4941,-0.0,0.4,0.435669
FKID006514,SCENARIO_0,Current recommended plan,0.0,0.0,0.0,0.0,0.5
FKID006514,SCENARIO_1,No intervention,22360.1389,22.3561,0.0,-0.3,0.553102
FKID006514,SCENARIO_2,Resource reduction,11180.0694,11.1781,0.0,-0.15,0.526551
FKID006514,SCENARIO_3,Resource increase,-157663.5723,-6.1695,-0.0,0.1,0.453538
FKID006514,SCENARIO_4,Diversion disabled,6708.0417,4.6271,0.0,-0.1,0.513311
FKID006514,SCENARIO_5,Operator override plan,0.0,0.0,0.0,0.05,0.4975
FKID006514,SCENARIO_6,Worst-case drift escalation,11180.0694,30.8475,0.0,-0.4,0.568555
FKID006514,SCENARIO_7,Best-case stabilized state,-11180.0694,-22.3561,-0.0,0.4,0.444182
FKID006015,SCENARIO_0,Current recommended plan,0.0,0.0,0.0,0.0,0.5
FKID006015,SCENARIO_1,No intervention,51603.0964,13.1867,0.0,-0.3,0.545322
FKID006015,SCENARIO_2,Resource reduction,25801.5482,6.5934,0.0,-0.15,0.522661
FKID006015,SCENARIO_3,Resource increase,-157663.5723,-6.1506,-0.0,0.1,0.453566
FKID006015,SCENARIO_4,Diversion disabled,0.0,0.0,0.0,-0.1,0.505
FKID006015,SCENARIO_5,Operator override plan,0.0,0.0,0.0,0.05,0.4975
FKID006015,SCENARIO_6,Worst-case drift escalation,25801.5482,30.7532,0.0,-0.4,0.571401
FKID006015,SCENARIO_7,Best-case stabilized state,-25801.5482,-13.1867,-0.0,0.4,0.454949
FKID000842,SCENARIO_0,Current recommended plan,0.0,0.0,0.0,0.0,0.5
FKID000842,SCENARIO_1,No intervention,57185.4489,19.2835,0.0,-0.3,0.555607
FKID000842,SCENARIO_2,Resource reduction,28592.7244,9.6418,0.0,-0.15,0.527804
FKID000842,SCENARIO_3,Resource increase,-157663.5723,-6.1371,-0.0,0.1,0.453586
FKID000842,SCENARIO_4,Diversion disabled,0.0,0.0,0.0,-0.1,0.505
FKID000842,SCENARIO_5,Operator override plan,0.0,0.0,0.0,0.05,0.4975
FKID000842,SCENARIO_6,Worst-case drift escalation,28592.7244,30.6856,0.0,-0.4,0.571869
FKID000842,SCENARIO_7,Best-case stabilized state,-28592.7244,-19.2835,-0.0,0.4,0.445234
FKID000129,SCENARIO_0,Current recommended plan,0.0,0.0,0.0,0.0,0.5
FKID000129,SCENARIO_1,No intervention,86587.8213,19.2763,0.0,-0.3,0.561603
FKID000129,SCENARIO_2,Resource reduction,43293.9106,9.6382,0.0,-0.15,0.530801
FKID000129,SCENARIO_3,Resource increase,-157663.5723,-6.1348,-0.0,0.1,0.45359
FKID000129,SCENARIO_4,Diversion disabled,0.0,0.0,0.0,-0.1,0.505
FKID000129,SCENARIO_5,Operator override plan,0.0,0.0,0.0,0.05,0.4975
FKID000129,SCENARIO_6,Worst-case drift escalation,43293.9106,30.6741,0.0,-0.4,0.574855
FKID000129,SCENARIO_7,Best-case stabilized state,-43293.9106,-19.2763,-0.0,0.4,0.442241
FKID003911,SCENARIO_0,Current recommended plan,0.0,0.0,0.0,0.0,0.5
FKID003911,SCENARIO_1,No intervention,84551.1843,19.1538,0.0,-0.3,0.561003
FKID003911,SCENARIO_2,Resource reduction,42275.5921,9.5769,0.0,-0.15,0.530502
FKID003911,SCENARIO_3,Resource increase,-157663.5723,-6.0958,-0.0,0.1,0.453648
FKID003911,SCENARIO_4,Diversion disabled,0.0,0.0,0.0,-0.1,0.505
FKID003911,SCENARIO_5,Operator override plan,0.0,0.0,0.0,0.05,0.4975
FKID003911,SCENARIO_6,Worst-case drift escalation,42275.5921,30.4792,0.0,-0.4,0.574355
FKID003911,SCENARIO_7,Best-case stabilized state,-42275.5921,-19.1538,-0.0,0.4,0.442633
FKID000528,SCENARIO_0,Current recommended plan,0.0,0.0,0.0,0.0,0.5
FKID000528,SCENARIO_1,No intervention,11569.8066,13.0208,0.0,-0.3,0.536895
FKID000528,SCENARIO_2,Resource reduction,5784.9033,6.5104,0.0,-0.15,0.518447
FKID000528,SCENARIO_3,Resource increase,-157663.5723,-6.0733,-0.0,0.1,0.453682
FKID000528,SCENARIO_4,Diversion disabled,0.0,0.0,0.0,-0.1,0.505
FKID000528,SCENARIO_5,Operator override plan,0.0,0.0,0.0,0.05,0.4975
FKID000528,SCENARIO_6,Worst-case drift escalation,5784.9033,30.3664,0.0,-0.4,0.566731
FKID000528,SCENARIO_7,Best-case stabilized state,-5784.9033,-13.0208,-0.0,0.4,0.459287
FKID000923,SCENARIO_0,Current recommended plan,0.0,0.0,0.0,0.0,0.5
FKID000923,SCENARIO_1,No intervention,87621.7755,19.0692,0.0,-0.3,0.561503
FKID000923,SCENARIO_2,Resource reduction,43810.8878,9.5346,0.0,-0.15,0.530752
FKID000923,SCENARIO_3,Resource increase,-157663.5723,-6.0689,-0.0,0.1,0.453689
FKID000923,SCENARIO_4,Diversion disabled,0.0,0.0,0.0,-0.1,0.505
FKID000923,SCENARIO_5,Operator override plan,0.0,0.0,0.0,0.05,0.4975
FKID000923,SCENARIO_6,Worst-case drift escalation,43810.8878,30.3444,0.0,-0.4,0.574466
FKID000923,SCENARIO_7,Best-case stabilized state,-43810.8878,-19.0692,-0.0,0.4,0.442446
FKID007189,SCENARIO_0,Current recommended plan,0.0,0.0,0.0,0.0,0.5
FKID007189,SCENARIO_1,No intervention,35588.9519,18.9909,0.0,-0.3,0.550757
FKID007189,SCENARIO_2,Resource reduction,17794.476,9.4955,0.0,-0.15,0.525378
FKID007189,SCENARIO_3,Resource increase,-157663.5723,-6.044,-0.0,0.1,0.453726
FKID007189,SCENARIO_4,Diversion disabled,0.0,0.0,0.0,-0.1,0.505
FKID007189,SCENARIO_5,Operator override plan,0.0,0.0,0.0,0.05,0.4975
FKID007189,SCENARIO_6,Worst-case drift escalation,17794.476,30.22,0.0,-0.4,0.568965
FKID007189,SCENARIO_7,Best-case stabilized state,-17794.476,-18.9909,-0.0,0.4,0.447879
FKID001133,SCENARIO_0,Current recommended plan,0.0,0.0,0.0,0.0,0.5
FKID001133,SCENARIO_1,No intervention,65454.4172,15.7594,0.0,-0.3,0.55201
FKID001133,SCENARIO_2,Resource reduction,32727.2086,7.8797,0.0,-0.15,0.526005
FKID001133,SCENARIO_3,Resource increase,-157663.5723,-6.0279,-0.0,0.1,0.45375
FKID001133,SCENARIO_4,Diversion disabled,0.0,0.0,0.0,-0.1,0.505
FKID001133,SCENARIO_5,Operator override plan,0.0,0.0,0.0,0.05,0.4975
FKID001133,SCENARIO_6,Worst-case drift escalation,32727.2086,30.1393,0.0,-0.4,0.571894
FKID001133,SCENARIO_7,Best-case stabilized state,-32727.2086,-15.7594,-0.0,0.4,0.449675
FKID004711,SCENARIO_0,Current recommended plan,0.0,0.0,0.0,0.0,0.5
FKID004711,SCENARIO_1,No intervention,18224.1168,12.883,0.0,-0.3,0.538047
FKID004711,SCENARIO_2,Resource reduction,9112.0584,6.4415,0.0,-0.15,0.519024
FKID004711,SCENARIO_3,Resource increase,-157663.5723,-6.009,-0.0,0.1,0.453779
FKID004711,SCENARIO_4,Diversion disabled,0.0,0.0,0.0,-0.1,0.505
FKID004711,SCENARIO_5,Operator override plan,0.0,0.0,0.0,0.05,0.4975
FKID004711,SCENARIO_6,Worst-case drift escalation,9112.0584,30.045,0.0,-0.4,0.566929
FKID004711,SCENARIO_7,Best-case stabilized state,-9112.0584,-12.883,-0.0,0.4,0.458814
FKID004806,SCENARIO_0,Current recommended plan,0.0,0.0,0.0,0.0,0.5
FKID004806,SCENARIO_1,No intervention,35483.7062,12.8825,0.0,-0.3,0.541572
FKID004806,SCENARIO_2,Resource reduction,17741.8531,6.4412,0.0,-0.15,0.520786
FKID004806,SCENARIO_3,Resource increase,-157663.5723,-6.0087,-0.0,0.1,0.453779
FKID004806,SCENARIO_4,Diversion disabled,0.0,0.0,0.0,-0.1,0.505
FKID004806,SCENARIO_5,Operator override plan,0.0,0.0,0.0,0.05,0.4975
FKID004806,SCENARIO_6,Worst-case drift escalation,17741.8531,30.0437,0.0,-0.4,0.56869
FKID004806,SCENARIO_7,Best-case stabilized state,-17741.8531,-12.8825,-0.0,0.4,0.457052
FKID007137,SCENARIO_0,Current recommended plan,0.0,0.0,0.0,0.0,0.5
FKID007137,SCENARIO_1,No intervention,30504.9402,15.5347,0.0,-0.3,0.544534
FKID007137,SCENARIO_2,Resource reduction,15252.4701,7.7673,0.0,-0.15,0.522267
FKID007137,SCENARIO_3,Resource increase,-157663.5723,-5.9419,-0.0,0.1,0.453879
FKID007137,SCENARIO_4,Diversion disabled,0.0,0.0,0.0,-0.1,0.505
FKID007137,SCENARIO_5,Operator override plan,0.0,0.0,0.0,0.05,0.4975
FKID007137,SCENARIO_6,Worst-case drift escalation,15252.4701,29.7095,0.0,-0.4,0.56768
FKID007137,SCENARIO_7,Best-case stabilized state,-15252.4701,-15.5347,-0.0,0.4,0.453582
FKID005996,SCENARIO_0,Current recommended plan,0.0,0.0,0.0,0.0,0.5
FKID005996,SCENARIO_1,No intervention,21638.1941,15.4976,0.0,-0.3,0.542667
FKID005996,SCENARIO_2,Resource reduction,10819.0971,7.7488,0.0,-0.15,0.521333
FKID005996,SCENARIO_3,Resource increase,-157663.5723,-5.9277,-0.0,0.1,0.453901
FKID005996,SCENARIO_4,Diversion disabled,0.0,0.0,0.0,-0.1,0.505
FKID005996,SCENARIO_5,Operator override plan,0.0,0.0,0.0,0.05,0.4975
FKID005996,SCENARIO_6,Worst-case drift escalation,10819.0971,29.6385,0.0,-0.4,0.566668
FKID005996,SCENARIO_7,Best-case stabilized state,-10819.0971,-15.4976,-0.0,0.4,0.454544
FKID000968,SCENARIO_0,Current recommended plan,0.0,0.0,0.0,0.0,0.5
FKID000968,SCENARIO_1,No intervention,11212.0693,12.6821,0.0,-0.3,0.536314
FKID000968,SCENARIO_2,Resource reduction,5606.0346,6.3411,0.0,-0.15,0.518157
FKID000968,SCENARIO_3,Resource increase,-157663.5723,-5.9153,-0.0,0.1,0.453919
FKID000968,SCENARIO_4,Diversion disabled,0.0,0.0,0.0,-0.1,0.505
FKID000968,SCENARIO_5,Operator override plan,0.0,0.0,0.0,0.05,0.4975
FKID000968,SCENARIO_6,Worst-case drift escalation,5606.0346,29.5765,0.0,-0.4,0.56551
FKID000968,SCENARIO_7,Best-case stabilized state,-5606.0346,-12.6821,-0.0,0.4,0.459832
FKID001931,SCENARIO_0,Current recommended plan,0.0,0.0,0.0,0.0,0.5
FKID001931,SCENARIO_1,No intervention,25758.293,12.5355,0.0,-0.3,0.539065
FKID001931,SCENARIO_2,Resource reduction,12879.1465,6.2678,0.0,-0.15,0.519533
FKID001931,SCENARIO_3,Resource increase,-157663.5723,-5.8469,-0.0,0.1,0.454022
FKID001931,SCENARIO_4,Diversion disabled,0.0,0.0,0.0,-0.1,0.505
FKID001931,SCENARIO_5,Operator override plan,0.0,0.0,0.0,0.05,0.4975
FKID001931,SCENARIO_6,Worst-case drift escalation,12879.1465,29.2346,0.0,-0.4,0.566483
FKID001931,SCENARIO_7,Best-case stabilized state,-12879.1465,-12.5355,-0.0,0.4,0.458566
FKID001932,SCENARIO_0,Current recommended plan,0.0,0.0,0.0,0.0,0.5
FKID001932,SCENARIO_1,No intervention,27521.4646,12.4794,0.0,-0.3,0.539341
FKID001932,SCENARIO_2,Resource reduction,13760.7323,6.2397,0.0,-0.15,0.519671
FKID001932,SCENARIO_3,Resource increase,-157663.5723,-5.8207,-0.0,0.1,0.454061
FKID001932,SCENARIO_4,Diversion disabled,0.0,0.0,0.0,-0.1,0.505
FKID001932,SCENARIO_5,Operator override plan,0.0,0.0,0.0,0.05,0.4975
FKID001932,SCENARIO_6,Worst-case drift escalation,13760.7323,29.1037,0.0,-0.4,0.566467
FKID001932,SCENARIO_7,Best-case stabilized state,-13760.7323,-12.4794,-0.0,0.4,0.45847
FKID003103,SCENARIO_0,Current recommended plan,0.0,0.0,0.0,0.0,0.5
FKID003103,SCENARIO_1,No intervention,41404.5335,12.4679,0.0,-0.3,0.54216
FKID003103,SCENARIO_2,Resource reduction,20702.2668,6.234,0.0,-0.15,0.52108
FKID003103,SCENARIO_3,Resource increase,-157663.5723,-5.8154,-0.0,0.1,0.454069
FKID003103,SCENARIO_4,Diversion disabled,0.0,0.0,0.0,-0.1,0.505
FKID003103,SCENARIO_5,Operator override plan,0.0,0.0,0.0,0.05,0.4975
FKID003103,SCENARIO_6,Worst-case drift escalation,20702.2668,29.0769,0.0,-0.4,0.567844
FKID003103,SCENARIO_7,Best-case stabilized state,-20702.2668,-12.4679,-0.0,0.4,0.457069
FKID001646,SCENARIO_0,Current recommended plan,0.0,0.0,0.0,0.0,0.5
FKID001646,SCENARIO_1,No intervention,48826.8325,15.1916,0.0,-0.3,0.547762
FKID001646,SCENARIO_2,Resource reduction,24413.4163,7.5958,0.0,-0.15,0.523881
FKID001646,SCENARIO_3,Resource increase,-157663.5723,-5.8107,-0.0,0.1,0.454076
FKID001646,SCENARIO_4,Diversion disabled,0.0,0.0,0.0,-0.1,0.505
FKID001646,SCENARIO_5,Operator override plan,0.0,0.0,0.0,0.05,0.4975
FKID001646,SCENARIO_6,Worst-case drift escalation,24413.4163,29.0533,0.0,-0.4,0.568567
FKID001646,SCENARIO_7,Best-case stabilized state,-24413.4163,-15.1916,-0.0,0.4,0.452225
FKID004531,SCENARIO_0,Current recommended plan,0.0,0.0,0.0,0.0,0.5
FKID004531,SCENARIO_1,No intervention,19084.5256,12.4377,0.0,-0.3,0.537555
FKID004531,SCENARIO_2,Resource reduction,9542.2628,6.2188,0.0,-0.15,0.518778
FKID004531,SCENARIO_3,Resource increase,-157663.5723,-5.8013,-0.0,0.1,0.45409
FKID004531,SCENARIO_4,Diversion disabled,0.0,0.0,0.0,-0.1,0.505
FKID004531,SCENARIO_5,Operator override plan,0.0,0.0,0.0,0.05,0.4975
FKID004531,SCENARIO_6,Worst-case drift escalation,9542.2628,29.0064,0.0,-0.4,0.565459
FKID004531,SCENARIO_7,Best-case stabilized state,-9542.2628,-12.4377,-0.0,0.4,0.459394
FKID000164,SCENARIO_0,Current recommended plan,0.0,0.0,0.0,0.0,0.5
FKID000164,SCENARIO_1,No intervention,44839.7909,12.4168,0.0,-0.3,0.542785
FKID000164,SCENARIO_2,Resource reduction,22419.8954,6.2084,0.0,-0.15,0.521393
FKID000164,SCENARIO_3,Resource increase,-157663.5723,-5.7915,-0.0,0.1,0.454105
FKID000164,SCENARIO_4,Diversion disabled,0.0,0.0,0.0,-0.1,0.505
FKID000164,SCENARIO_5,Operator override plan,0.0,0.0,0.0,0.05,0.4975
FKID000164,SCENARIO_6,Worst-case drift escalation,22419.8954,28.9577,0.0,-0.4,0.568017
FKID000164,SCENARIO_7,Best-case stabilized state,-22419.8954,-12.4168,-0.0,0.4,0.456795
FKID005593,SCENARIO_0,Current recommended plan,0.0,0.0,0.0,0.0,0.5
FKID005593,SCENARIO_1,No intervention,57981.6135,12.3922,0.0,-0.3,0.545433
FKID005593,SCENARIO_2,Resource reduction,28990.8067,6.1961,0.0,-0.15,0.522716
FKID005593,SCENARIO_3,Resource increase,-157663.5723,-5.7801,-0.0,0.1,0.454122
FKID005593,SCENARIO_4,Diversion disabled,0.0,0.0,0.0,-0.1,0.505
FKID005593,SCENARIO_5,Operator override plan,0.0,0.0,0.0,0.05,0.4975
FKID005593,SCENARIO_6,Worst-case drift escalation,28990.8067,28.9004,0.0,-0.4,0.569273
FKID005593,SCENARIO_7,Best-case stabilized state,-28990.8067,-12.3922,-0.0,0.4,0.455489
FKID004694,SCENARIO_0,Current recommended plan,0.0,0.0,0.0,0.0,0.5
FKID004694,SCENARIO_1,No intervention,47255.0053,12.3332,0.0,-0.3,0.543153
FKID004694,SCENARIO_2,Resource reduction,23627.5026,6.1666,0.0,-0.15,0.521577
FKID004694,SCENARIO_3,Resource increase,-157663.5723,-5.7525,-0.0,0.1,0.454163
FKID004694,SCENARIO_4,Diversion disabled,0.0,0.0,0.0,-0.1,0.505
FKID004694,SCENARIO_5,Operator override plan,0.0,0.0,0.0,0.05,0.4975
FKID004694,SCENARIO_6,Worst-case drift escalation,23627.5026,28.7627,0.0,-0.4,0.567971
FKID004694,SCENARIO_7,Best-case stabilized state,-23627.5026,-12.3332,-0.0,0.4,0.456674
FKID003235,SCENARIO_0,Current recommended plan,0.0,0.0,0.0,0.0,0.5
FKID003235,SCENARIO_1,No intervention,13422.8094,12.2996,0.0,-0.3,0.536191
FKID003235,SCENARIO_2,Resource reduction,6711.4047,6.1498,0.0,-0.15,0.518096
FKID003235,SCENARIO_3,Resource increase,-157663.5723,-5.7369,-0.0,0.1,0.454187
FKID003235,SCENARIO_4,Diversion disabled,0.0,0.0,0.0,-0.1,0.505
FKID003235,SCENARIO_5,Operator override plan,0.0,0.0,0.0,0.05,0.4975
FKID003235,SCENARIO_6,Worst-case drift escalation,6711.4047,28.6843,0.0,-0.4,0.564397
FKID003235,SCENARIO_7,Best-case stabilized state,-6711.4047,-12.2996,-0.0,0.4,0.46018
FKID005137,SCENARIO_0,Current recommended plan,0.0,0.0,0.0,0.0,0.5
FKID005137,SCENARIO_1,No intervention,54774.883,12.2775,0.0,-0.3,0.544606
FKID005137,SCENARIO_2,Resource reduction,27387.4415,6.1387,0.0,-0.15,0.522303
FKID005137,SCENARIO_3,Resource increase,-157663.5723,-5.7266,-0.0,0.1,0.454202
FKID005137,SCENARIO_4,Diversion disabled,0.0,0.0,0.0,-0.1,0.505
FKID005137,SCENARIO_5,Operator override plan,0.0,0.0,0.0,0.05,0.4975
FKID005137,SCENARIO_6,Worst-case drift escalation,27387.4415,28.6328,0.0,-0.4,0.568544
FKID005137,SCENARIO_7,Best-case stabilized state,-27387.4415,-12.2775,-0.0,0.4,0.455989
FKID001489,SCENARIO_0,Current recommended plan,0.0,0.0,0.0,0.0,0.5
FKID001489,SCENARIO_1,No intervention,20840.0636,12.2533,0.0,-0.3,0.537637
FKID001489,SCENARIO_2,Resource reduction,10420.0318,6.1267,0.0,-0.15,0.518819
FKID001489,SCENARIO_3,Resource increase,-157663.5723,-5.7153,-0.0,0.1,0.454219
FKID001489,SCENARIO_4,Diversion disabled,0.0,0.0,0.0,-0.1,0.505
FKID001489,SCENARIO_5,Operator override plan,0.0,0.0,0.0,0.05,0.4975
FKID001489,SCENARIO_6,Worst-case drift escalation,10420.0318,28.5764,0.0,-0.4,0.564993
FKID001489,SCENARIO_7,Best-case stabilized state,-10420.0318,-12.2533,-0.0,0.4,0.459491
FKID004408,SCENARIO_0,Current recommended plan,0.0,0.0,0.0,0.0,0.5
FKID004408,SCENARIO_1,No intervention,39691.0157,12.2456,0.0,-0.3,0.541477
FKID004408,SCENARIO_2,Resource reduction,19845.5079,6.1228,0.0,-0.15,0.520738
FKID004408,SCENARIO_3,Resource increase,-157663.5723,-5.7117,-0.0,0.1,0.454225
FKID004408,SCENARIO_4,Diversion disabled,0.0,0.0,0.0,-0.1,0.505
FKID004408,SCENARIO_5,Operator override plan,0.0,0.0,0.0,0.05,0.4975
FKID004408,SCENARIO_6,Worst-case drift escalation,19845.5079,28.5585,0.0,-0.4,0.566892
FKID004408,SCENARIO_7,Best-case stabilized state,-19845.5079,-12.2456,-0.0,0.4,0.457577
FKID004829,SCENARIO_0,Current recommended plan,0.0,0.0,0.0,0.0,0.5
FKID004829,SCENARIO_1,No intervention,40520.4411,12.2109,0.0,-0.3,0.541594
FKID004829,SCENARIO_2,Resource reduction,20260.2205,6.1055,0.0,-0.15,0.520797
FKID004829,SCENARIO_3,Resource increase,-157663.5723,-5.6955,-0.0,0.1,0.454249
FKID004829,SCENARIO_4,Diversion disabled,0.0,0.0,0.0,-0.1,0.505
FKID004829,SCENARIO_5,Operator override plan,0.0,0.0,0.0,0.05,0.4975
FKID004829,SCENARIO_6,Worst-case drift escalation,20260.2205,28.4776,0.0,-0.4,0.566855
FKID004829,SCENARIO_7,Best-case stabilized state,-20260.2205,-12.2109,-0.0,0.4,0.457545
FKID005079,SCENARIO_0,Current recommended plan,0.0,0.0,0.0,0.0,0.5
FKID005079,SCENARIO_1,No intervention,43191.312,12.1412,0.0,-0.3,0.542035
FKID005079,SCENARIO_2,Resource reduction,21595.656,6.0706,0.0,-0.15,0.521018
FKID005079,SCENARIO_3,Resource increase,-157663.5723,-5.663,-0.0,0.1,0.454298
FKID005079,SCENARIO_4,Diversion disabled,0.0,0.0,0.0,-0.1,0.505
FKID005079,SCENARIO_5,Operator override plan,0.0,0.0,0.0,0.05,0.4975
FKID005079,SCENARIO_6,Worst-case drift escalation,21595.656,28.3151,0.0,-0.4,0.566884
FKID005079,SCENARIO_7,Best-case stabilized state,-21595.656,-12.1412,-0.0,0.4,0.457377
FKID001592,SCENARIO_0,Current recommended plan,0.0,0.0,0.0,0.0,0.5
FKID001592,SCENARIO_1,No intervention,54630.0776,12.1395,0.0,-0.3,0.544369
FKID001592,SCENARIO_2,Resource reduction,27315.0388,6.0697,0.0,-0.15,0.522185
FKID001592,SCENARIO_3,Resource increase,-157663.5723,-5.6622,-0.0,0.1,0.454299
FKID001592,SCENARIO_4,Diversion disabled,0.0,0.0,0.0,-0.1,0.505
FKID001592,SCENARIO_5,Operator override plan,0.0,0.0,0.0,0.05,0.4975
FKID001592,SCENARIO_6,Worst-case drift escalation,27315.0388,28.3109,0.0,-0.4,0.568046
FKID001592,SCENARIO_7,Best-case stabilized state,-27315.0388,-12.1395,-0.0,0.4,0.456211
FKID000346,SCENARIO_0,Current recommended plan,0.0,0.0,0.0,0.0,0.5
FKID000346,SCENARIO_1,No intervention,62645.6013,12.1156,0.0,-0.3,0.545971
FKID000346,SCENARIO_2,Resource reduction,31322.8007,6.0578,0.0,-0.15,0.522985
FKID000346,SCENARIO_3,Resource increase,-157663.5723,-5.6511,-0.0,0.1,0.454315
FKID000346,SCENARIO_4,Diversion disabled,0.0,0.0,0.0,-0.1,0.505
FKID000346,SCENARIO_5,Operator override plan,0.0,0.0,0.0,0.05,0.4975
FKID000346,SCENARIO_6,Worst-case drift escalation,31322.8007,28.2553,0.0,-0.4,0.568782
FKID000346,SCENARIO_7,Best-case stabilized state,-31322.8007,-12.1156,-0.0,0.4,0.455428
FKID004519,SCENARIO_0,Current recommended plan,0.0,0.0,0.0,0.0,0.5
FKID004519,SCENARIO_1,No intervention,40872.4856,12.0821,0.0,-0.3,0.541473
FKID004519,SCENARIO_2,Resource reduction,20436.2428,6.041,0.0,-0.15,0.520736
FKID004519,SCENARIO_3,Resource increase,-157663.5723,-5.6354,-0.0,0.1,0.454339
FKID004519,SCENARIO_4,Diversion disabled,0.0,0.0,0.0,-0.1,0.505
FKID004519,SCENARIO_5,Operator override plan,0.0,0.0,0.0,0.05,0.4975
FKID004519,SCENARIO_6,Worst-case drift escalation,20436.2428,28.1771,0.0,-0.4,0.56644
FKID004519,SCENARIO_7,Best-case stabilized state,-20436.2428,-12.0821,-0.0,0.4,0.457702
FKID003897,SCENARIO_0,Current recommended plan,0.0,0.0,0.0,0.0,0.5
FKID003897,SCENARIO_1,No intervention,38274.5876,14.7224,0.0,-0.3,0.544902
FKID003897,SCENARIO_2,Resource reduction,19137.2938,7.3612,0.0,-0.15,0.522451
FKID003897,SCENARIO_3,Resource increase,-157663.5723,-5.6312,-0.0,0.1,0.454345
FKID003897,SCENARIO_4,Diversion disabled,0.0,0.0,0.0,-0.1,0.505
FKID003897,SCENARIO_5,Operator override plan,0.0,0.0,0.0,0.05,0.4975
FKID003897,SCENARIO_6,Worst-case drift escalation,19137.2938,28.156,0.0,-0.4,0.566143
FKID003897,SCENARIO_7,Best-case stabilized state,-19137.2938,-14.7224,-0.0,0.4,0.454007
FKID004967,SCENARIO_0,Current recommended plan,0.0,0.0,0.0,0.0,0.5
FKID004967,SCENARIO_1,No intervention,34037.8196,12.0053,0.0,-0.3,0.539961
FKID004967,SCENARIO_2,Resource reduction,17018.9098,6.0027,0.0,-0.15,0.519981
FKID004967,SCENARIO_3,Resource increase,-157663.5723,-5.5996,-0.0,0.1,0.454393
FKID004967,SCENARIO_4,Diversion disabled,0.0,0.0,0.0,-0.1,0.505
FKID004967,SCENARIO_5,Operator override plan,0.0,0.0,0.0,0.05,0.4975
FKID004967,SCENARIO_6,Worst-case drift escalation,17018.9098,27.9981,0.0,-0.4,0.565474
FKID004967,SCENARIO_7,Best-case stabilized state,-17018.9098,-12.0053,-0.0,0.4,0.458515
FKID005194,SCENARIO_0,Current recommended plan,0.0,0.0,0.0,0.0,0.5
FKID005194,SCENARIO_1,No intervention,39807.2761,11.9465,0.0,-0.3,0.541052
FKID005194,SCENARIO_2,Resource reduction,19903.6381,5.9732,0.0,-0.15,0.520526
FKID005194,SCENARIO_3,Resource increase,-157663.5723,-5.5722,-0.0,0.1,0.454434
FKID005194,SCENARIO_4,Diversion disabled,0.0,0.0,0.0,-0.1,0.505
FKID005194,SCENARIO_5,Operator override plan,0.0,0.0,0.0,0.05,0.4975
FKID005194,SCENARIO_6,Worst-case drift escalation,19903.6381,27.8608,0.0,-0.4,0.565857
FKID005194,SCENARIO_7,Best-case stabilized state,-19903.6381,-11.9465,-0.0,0.4,0.458014
FKID004492,SCENARIO_0,Current recommended plan,0.0,0.0,0.0,0.0,0.5
FKID004492,SCENARIO_1,No intervention,35357.0816,11.601,0.0,-0.3,0.539624
FKID004492,SCENARIO_2,Resource reduction,17678.5408,5.8005,0.0,-0.15,0.519812
FKID004492,SCENARIO_3,Resource increase,-157663.5723,-5.411,-0.0,0.1,0.454676
FKID004492,SCENARIO_4,Diversion disabled,0.0,0.0,0.0,-0.1,0.505
FKID004492,SCENARIO_5,Operator override plan,0.0,0.0,0.0,0.05,0.4975
FKID004492,SCENARIO_6,Worst-case drift escalation,17678.5408,27.0551,0.0,-0.4,0.564194
FKID004492,SCENARIO_7,Best-case stabilized state,-17678.5408,-11.601,-0.0,0.4,0.458987
FKID005244,SCENARIO_0,Current recommended plan,0.0,0.0,0.0,0.0,0.5
FKID005244,SCENARIO_1,No intervention,12655.0474,11.5223,0.0,-0.3,0.534869
FKID005244,SCENARIO_2,Resource reduction,6327.5237,5.7612,0.0,-0.15,0.517434
FKID005244,SCENARIO_3,Resource increase,-157663.5723,-5.3743,-0.0,0.1,0.454731
FKID005244,SCENARIO_4,Diversion disabled,0.0,0.0,0.0,-0.1,0.505
FKID005244,SCENARIO_5,Operator override plan,0.0,0.0,0.0,0.05,0.4975
FKID005244,SCENARIO_6,Worst-case drift escalation,6327.5237,26.8716,0.0,-0.4,0.5616
FKID005244,SCENARIO_7,Best-case stabilized state,-6327.5237,-11.5223,-0.0,0.4,0.461424
FKID004401,SCENARIO_0,Current recommended plan,0.0,0.0,0.0,0.0,0.5
FKID004401,SCENARIO_1,No intervention,41539.1437,11.0455,0.0,-0.3,0.540054
FKID004401,SCENARIO_2,Resource reduction,20769.5718,5.5228,0.0,-0.15,0.520027
FKID004401,SCENARIO_3,Resource increase,-157663.5723,-5.1519,-0.0,0.1,0.455064
FKID004401,SCENARIO_4,Diversion disabled,0.0,0.0,0.0,-0.1,0.505
FKID004401,SCENARIO_5,Operator override plan,0.0,0.0,0.0,0.05,0.4975
FKID004401,SCENARIO_6,Worst-case drift escalation,20769.5718,25.7597,0.0,-0.4,0.562882
FKID004401,SCENARIO_7,Best-case stabilized state,-20769.5718,-11.0455,-0.0,0.4,0.459189
FKID000002,SCENARIO_0,Current recommended plan,0.0,0.0,0.0,0.0,0.5
FKID000002,SCENARIO_1,No intervention,29012.764,10.3743,0.0,-0.3,0.536488
FKID000002,SCENARIO_2,Resource reduction,14506.382,5.1871,0.0,-0.15,0.518244
FKID000002,SCENARIO_3,Resource increase,-157663.5723,-4.8388,-0.0,0.1,0.455534
FKID000002,SCENARIO_4,Diversion disabled,0.0,0.0,0.0,-0.1,0.505
FKID000002,SCENARIO_5,Operator override plan,0.0,0.0,0.0,0.05,0.4975
FKID000002,SCENARIO_6,Worst-case drift escalation,14506.382,24.1942,0.0,-0.4,0.559255
FKID000002,SCENARIO_7,Best-case stabilized state,-14506.382,-10.3743,-0.0,0.4,0.461475
